iterations	dimacs	runtime	solution				
26	[0_k_3_n_5_m_10.dimacs]	0.0001	[False,	False,	False,	False,	False]
26	[0_k_3_n_5_m_11.dimacs]	0.0189	None				
26	[0_k_3_n_5_m_12.dimacs]	0.0001	[True,	True,	False,	True,	True]
26	[0_k_3_n_5_m_13.dimacs]	0.0184	None				
26	[0_k_3_n_5_m_14.dimacs]	0.0001	[True,	True,	True,	True,	False]
26	[0_k_3_n_5_m_15.dimacs]	0.0001	[True,	True,	False,	True,	False]
26	[0_k_3_n_5_m_16.dimacs]	0.0001	[False,	True,	True,	False,	True]
26	[0_k_3_n_5_m_17.dimacs]	0.0189	None				
26	[0_k_3_n_5_m_18.dimacs]	0.0202	None				
26	[0_k_3_n_5_m_19.dimacs]	0.0245	None				
26	[0_k_3_n_5_m_20.dimacs]	0.0221	None				
26	[0_k_3_n_5_m_21.dimacs]	0.0001	[True,	False,	True,	False,	True]
26	[0_k_3_n_5_m_22.dimacs]	0.0212	None				
26	[0_k_3_n_5_m_23.dimacs]	0.0184	[False,	True,	False,	True,	False]
26	[0_k_3_n_5_m_24.dimacs]	0.0185	None				
26	[1_k_3_n_5_m_10.dimacs]	0.0001	[False,	False,	True,	False,	False]
26	[1_k_3_n_5_m_11.dimacs]	0.0001	[False,	False,	False,	False,	True]
26	[1_k_3_n_5_m_12.dimacs]	0.0204	[False,	True,	False,	True,	True]
26	[1_k_3_n_5_m_13.dimacs]	0.0205	None				
26	[1_k_3_n_5_m_14.dimacs]	0.0001	[True,	False,	False,	False,	False]
26	[1_k_3_n_5_m_15.dimacs]	0.0001	[False,	False,	True,	False,	False]
26	[1_k_3_n_5_m_16.dimacs]	0.0207	None				
26	[1_k_3_n_5_m_17.dimacs]	0.0213	None				
26	[1_k_3_n_5_m_18.dimacs]	0.0213	None				
26	[1_k_3_n_5_m_19.dimacs]	0.0001	[False,	True,	True,	False,	True]
26	[1_k_3_n_5_m_20.dimacs]	0.0194	None				
26	[1_k_3_n_5_m_21.dimacs]	0.0001	[True,	True,	False,	False,	True]
26	[1_k_3_n_5_m_22.dimacs]	0.0202	None				
26	[1_k_3_n_5_m_23.dimacs]	0.0186	None				
26	[1_k_3_n_5_m_24.dimacs]	0.0216	None				
26	[2_k_3_n_5_m_10.dimacs]	0.0205	None				
26	[2_k_3_n_5_m_11.dimacs]	0.018	[True,	False,	False,	False,	True]
26	[2_k_3_n_5_m_12.dimacs]	0.0182	None				
26	[2_k_3_n_5_m_13.dimacs]	0.0172	None				
26	[2_k_3_n_5_m_14.dimacs]	0.0187	None				
26	[2_k_3_n_5_m_15.dimacs]	0.018	None				
26	[2_k_3_n_5_m_16.dimacs]	0.0001	[True,	True,	True,	True,	False]
26	[2_k_3_n_5_m_17.dimacs]	0.0189	None				
26	[2_k_3_n_5_m_18.dimacs]	0.0001	[False,	False,	True,	False,	False]
26	[2_k_3_n_5_m_19.dimacs]	0.0186	None				
26	[2_k_3_n_5_m_20.dimacs]	0.0174	None				
26	[2_k_3_n_5_m_21.dimacs]	0.0187	None				
26	[2_k_3_n_5_m_22.dimacs]	0.0194	None				
26	[2_k_3_n_5_m_23.dimacs]	0.0228	None				
26	[2_k_3_n_5_m_24.dimacs]	0.0186	None				
26	[3_k_3_n_5_m_10.dimacs]	0.0001	[False,	True,	True,	False,	False]
26	[3_k_3_n_5_m_11.dimacs]	0.0001	[True,	True,	False,	True,	True]
26	[3_k_3_n_5_m_12.dimacs]	0.0175	None				
26	[3_k_3_n_5_m_13.dimacs]	0.0178	None				
26	[3_k_3_n_5_m_14.dimacs]	0.017	None				
26	[3_k_3_n_5_m_15.dimacs]	0.0002	[False,	True,	False,	True,	True]
26	[3_k_3_n_5_m_16.dimacs]	0.0001	[True,	False,	True,	True,	False]
26	[3_k_3_n_5_m_17.dimacs]	0.0001	[True,	False,	True,	False,	True]
26	[3_k_3_n_5_m_18.dimacs]	0.0001	[True,	True,	True,	True,	False]
26	[3_k_3_n_5_m_19.dimacs]	0.0175	None				
26	[3_k_3_n_5_m_20.dimacs]	0.017	None				
26	[3_k_3_n_5_m_21.dimacs]	0.0176	None				
26	[3_k_3_n_5_m_22.dimacs]	0.0174	None				
26	[3_k_3_n_5_m_23.dimacs]	0.0001	[True,	False,	True,	False,	False]
26	[3_k_3_n_5_m_24.dimacs]	0.017	None				
26	[4_k_3_n_5_m_10.dimacs]	0.0184	None				
26	[4_k_3_n_5_m_11.dimacs]	0.0001	[False,	True,	True,	False,	True]
26	[4_k_3_n_5_m_12.dimacs]	0.0184	[False,	True,	False,	False,	True]
26	[4_k_3_n_5_m_13.dimacs]	0.0001	[False,	True,	True,	True,	True]
26	[4_k_3_n_5_m_14.dimacs]	0.0001	[True,	False,	True,	False,	False]
26	[4_k_3_n_5_m_15.dimacs]	0.0184	None				
26	[4_k_3_n_5_m_16.dimacs]	0.0171	None				
26	[4_k_3_n_5_m_17.dimacs]	0.0173	None				
26	[4_k_3_n_5_m_18.dimacs]	0.0169	None				
26	[4_k_3_n_5_m_19.dimacs]	0.0001	[False,	True,	False,	True,	True]
26	[4_k_3_n_5_m_20.dimacs]	0.0001	[True,	True,	False,	True,	True]
26	[4_k_3_n_5_m_21.dimacs]	0.0001	[False,	True,	True,	True,	True]
26	[4_k_3_n_5_m_22.dimacs]	0.0177	None				
26	[4_k_3_n_5_m_23.dimacs]	0.0172	None				
26	[4_k_3_n_5_m_24.dimacs]	0.0194	None				
26	[5_k_3_n_5_m_10.dimacs]	0.0189	[True,	True,	True,	False,	False]
26	[5_k_3_n_5_m_11.dimacs]	0.0001	[True,	False,	True,	True,	True]
26	[5_k_3_n_5_m_12.dimacs]	0.0178	None				
26	[5_k_3_n_5_m_13.dimacs]	0.019	None				
26	[5_k_3_n_5_m_14.dimacs]	0.0001	[True,	True,	True,	True,	True]
26	[5_k_3_n_5_m_15.dimacs]	0.0001	[False,	True,	False,	True,	False]
26	[5_k_3_n_5_m_16.dimacs]	0.0183	None				
26	[5_k_3_n_5_m_17.dimacs]	0.0001	[False,	False,	True,	False,	True]
26	[5_k_3_n_5_m_18.dimacs]	0.0174	None				
26	[5_k_3_n_5_m_19.dimacs]	0.017	None				
26	[5_k_3_n_5_m_20.dimacs]	0.0211	None				
26	[5_k_3_n_5_m_21.dimacs]	0.0195	None				
26	[5_k_3_n_5_m_22.dimacs]	0.0219	None				
26	[5_k_3_n_5_m_23.dimacs]	0.0001	[True,	False,	False,	False,	False]
26	[5_k_3_n_5_m_24.dimacs]	0.0256	None				
26	[6_k_3_n_5_m_10.dimacs]	0.0247	[False,	True,	True,	True,	True]
26	[6_k_3_n_5_m_11.dimacs]	0.0204	None				
26	[6_k_3_n_5_m_12.dimacs]	0.0178	None				
26	[6_k_3_n_5_m_13.dimacs]	0.0001	[False,	True,	True,	False,	True]
26	[6_k_3_n_5_m_14.dimacs]	0.0001	[False,	True,	False,	True,	False]
26	[6_k_3_n_5_m_15.dimacs]	0.0184	None				
26	[6_k_3_n_5_m_16.dimacs]	0.0189	None				
26	[6_k_3_n_5_m_17.dimacs]	0.0001	[False,	True,	True,	False,	False]
26	[6_k_3_n_5_m_18.dimacs]	0.0172	None				
26	[6_k_3_n_5_m_19.dimacs]	0.0197	None				
26	[6_k_3_n_5_m_20.dimacs]	0.0179	None				
26	[6_k_3_n_5_m_21.dimacs]	0.0195	None				
26	[6_k_3_n_5_m_22.dimacs]	0.0187	None				
26	[6_k_3_n_5_m_23.dimacs]	0.0192	None				
26	[6_k_3_n_5_m_24.dimacs]	0.0187	None				
26	[7_k_3_n_5_m_10.dimacs]	0.0173	None				
26	[7_k_3_n_5_m_11.dimacs]	0.0001	[False,	True,	False,	False,	False]
26	[7_k_3_n_5_m_12.dimacs]	0.0001	[True,	True,	True,	True,	True]
26	[7_k_3_n_5_m_13.dimacs]	0.0001	[True,	True,	True,	False,	False]
26	[7_k_3_n_5_m_14.dimacs]	0.0183	None				
26	[7_k_3_n_5_m_15.dimacs]	0.0172	None				
26	[7_k_3_n_5_m_16.dimacs]	0.0176	None				
26	[7_k_3_n_5_m_17.dimacs]	0.0001	[False,	True,	True,	False,	False]
26	[7_k_3_n_5_m_18.dimacs]	0.0001	[False,	False,	False,	False,	False]
26	[7_k_3_n_5_m_19.dimacs]	0.0001	[False,	False,	False,	True,	False]
26	[7_k_3_n_5_m_20.dimacs]	0.0184	None				
26	[7_k_3_n_5_m_21.dimacs]	0.0189	[True,	False,	False,	False,	False]
26	[7_k_3_n_5_m_22.dimacs]	0.0174	None				
26	[7_k_3_n_5_m_23.dimacs]	0.0177	None				
26	[7_k_3_n_5_m_24.dimacs]	0.0181	None				
26	[8_k_3_n_5_m_10.dimacs]	0.0174	[False,	False,	True,	False,	False]
26	[8_k_3_n_5_m_11.dimacs]	0.0175	None				
26	[8_k_3_n_5_m_12.dimacs]	0.0198	None				
26	[8_k_3_n_5_m_13.dimacs]	0.0192	None				
26	[8_k_3_n_5_m_14.dimacs]	0.0197	None				
26	[8_k_3_n_5_m_15.dimacs]	0.0178	None				
26	[8_k_3_n_5_m_16.dimacs]	0.018	None				
26	[8_k_3_n_5_m_17.dimacs]	0.0186	None				
26	[8_k_3_n_5_m_18.dimacs]	0.0182	None				
26	[8_k_3_n_5_m_19.dimacs]	0.0001	[True,	False,	False,	True,	True]
26	[8_k_3_n_5_m_20.dimacs]	0.0001	[True,	True,	False,	False,	False]
26	[8_k_3_n_5_m_21.dimacs]	0.0178	None				
26	[8_k_3_n_5_m_22.dimacs]	0.0177	None				
26	[8_k_3_n_5_m_23.dimacs]	0.0195	None				
26	[8_k_3_n_5_m_24.dimacs]	0.0175	None				
26	[9_k_3_n_5_m_10.dimacs]	0.0173	[True,	True,	True,	False,	False]
26	[9_k_3_n_5_m_11.dimacs]	0.0001	[True,	True,	True,	False,	True]
26	[9_k_3_n_5_m_12.dimacs]	0.0001	[True,	True,	False,	False,	False]
26	[9_k_3_n_5_m_13.dimacs]	0.0186	None				
26	[9_k_3_n_5_m_14.dimacs]	0.0171	None				
26	[9_k_3_n_5_m_15.dimacs]	0.02	None				
26	[9_k_3_n_5_m_16.dimacs]	0.0181	None				
26	[9_k_3_n_5_m_17.dimacs]	0.0184	None				
26	[9_k_3_n_5_m_18.dimacs]	0.0175	None				
26	[9_k_3_n_5_m_19.dimacs]	0.0177	None				
26	[9_k_3_n_5_m_20.dimacs]	0.0177	None				
26	[9_k_3_n_5_m_21.dimacs]	0.0172	None				
26	[9_k_3_n_5_m_22.dimacs]	0.0188	None				
26	[9_k_3_n_5_m_23.dimacs]	0.0182	None				
26	[9_k_3_n_5_m_24.dimacs]	0.0184	None				
50	[0_k_3_n_5_m_10.dimacs]	0.0001	[False,	True,	False,	False,	False]
50	[0_k_3_n_5_m_11.dimacs]	0.0185	None				
50	[0_k_3_n_5_m_12.dimacs]	0.0001	[True,	True,	False,	True,	True]
50	[0_k_3_n_5_m_13.dimacs]	0.0001	[True,	True,	False,	True,	True]
50	[0_k_3_n_5_m_14.dimacs]	0.0001	[True,	True,	True,	True,	False]
50	[0_k_3_n_5_m_15.dimacs]	0.0001	[True,	True,	False,	True,	False]
50	[0_k_3_n_5_m_16.dimacs]	0.0001	[False,	True,	True,	False,	True]
50	[0_k_3_n_5_m_17.dimacs]	0.0179	None				
50	[0_k_3_n_5_m_18.dimacs]	0.0173	None				
50	[0_k_3_n_5_m_19.dimacs]	0.0175	None				
50	[0_k_3_n_5_m_20.dimacs]	0.0183	None				
50	[0_k_3_n_5_m_21.dimacs]	0.0001	[True,	False,	True,	False,	True]
50	[0_k_3_n_5_m_22.dimacs]	0.0183	None				
50	[0_k_3_n_5_m_23.dimacs]	0.0173	[False,	True,	False,	True,	False]
50	[0_k_3_n_5_m_24.dimacs]	0.0174	None				
50	[1_k_3_n_5_m_10.dimacs]	0.0001	[False,	False,	True,	True,	False]
50	[1_k_3_n_5_m_11.dimacs]	0.0001	[False,	False,	False,	False,	True]
50	[1_k_3_n_5_m_12.dimacs]	0.0001	[False,	False,	False,	True,	True]
50	[1_k_3_n_5_m_13.dimacs]	0.0177	None				
50	[1_k_3_n_5_m_14.dimacs]	0.0001	[True,	False,	False,	False,	False]
50	[1_k_3_n_5_m_15.dimacs]	0.0001	[False,	False,	True,	False,	False]
50	[1_k_3_n_5_m_16.dimacs]	0.0177	None				
50	[1_k_3_n_5_m_17.dimacs]	0.0193	None				
50	[1_k_3_n_5_m_18.dimacs]	0.0182	None				
50	[1_k_3_n_5_m_19.dimacs]	0.0174	[False,	True,	True,	False,	True]
50	[1_k_3_n_5_m_20.dimacs]	0.0176	None				
50	[1_k_3_n_5_m_21.dimacs]	0.0187	None				
50	[1_k_3_n_5_m_22.dimacs]	0.0245	None				
50	[1_k_3_n_5_m_23.dimacs]	0.021	None				
50	[1_k_3_n_5_m_24.dimacs]	0.0199	None				
50	[2_k_3_n_5_m_10.dimacs]	0.0195	None				
50	[2_k_3_n_5_m_11.dimacs]	0.0186	[True,	False,	False,	False,	True]
50	[2_k_3_n_5_m_12.dimacs]	0.018	None				
50	[2_k_3_n_5_m_13.dimacs]	0.0179	None				
50	[2_k_3_n_5_m_14.dimacs]	0.0175	None				
50	[2_k_3_n_5_m_15.dimacs]	0.0175	None				
50	[2_k_3_n_5_m_16.dimacs]	0.0001	[True,	True,	True,	True,	False]
50	[2_k_3_n_5_m_17.dimacs]	0.0197	None				
50	[2_k_3_n_5_m_18.dimacs]	0.0001	[False,	False,	True,	False,	False]
50	[2_k_3_n_5_m_19.dimacs]	0.0192	None				
50	[2_k_3_n_5_m_20.dimacs]	0.0183	None				
50	[2_k_3_n_5_m_21.dimacs]	0.0195	None				
50	[2_k_3_n_5_m_22.dimacs]	0.0189	None				
50	[2_k_3_n_5_m_23.dimacs]	0.0202	None				
50	[2_k_3_n_5_m_24.dimacs]	0.018	None				
50	[3_k_3_n_5_m_10.dimacs]	0.0175	[False,	True,	False,	True,	True]
50	[3_k_3_n_5_m_11.dimacs]	0.0178	[True,	True,	False,	False,	True]
50	[3_k_3_n_5_m_12.dimacs]	0.0178	None				
50	[3_k_3_n_5_m_13.dimacs]	0.0181	None				
50	[3_k_3_n_5_m_14.dimacs]	0.0172	None				
50	[3_k_3_n_5_m_15.dimacs]	0.0001	[False,	True,	False,	True,	True]
50	[3_k_3_n_5_m_16.dimacs]	0.0001	[True,	False,	True,	True,	False]
50	[3_k_3_n_5_m_17.dimacs]	0.0001	[True,	False,	True,	False,	True]
50	[3_k_3_n_5_m_18.dimacs]	0.0001	[True,	True,	True,	True,	False]
50	[3_k_3_n_5_m_19.dimacs]	0.0178	None				
50	[3_k_3_n_5_m_20.dimacs]	0.0173	None				
50	[3_k_3_n_5_m_21.dimacs]	0.0177	None				
50	[3_k_3_n_5_m_22.dimacs]	0.0177	None				
50	[3_k_3_n_5_m_23.dimacs]	0.0001	[True,	False,	True,	False,	False]
50	[3_k_3_n_5_m_24.dimacs]	0.0172	None				
50	[4_k_3_n_5_m_10.dimacs]	0.0178	None				
50	[4_k_3_n_5_m_11.dimacs]	0.0001	[False,	True,	False,	False,	False]
50	[4_k_3_n_5_m_12.dimacs]	0.0172	None				
50	[4_k_3_n_5_m_13.dimacs]	0.0173	[False,	True,	True,	True,	True]
50	[4_k_3_n_5_m_14.dimacs]	0.0001	[True,	False,	True,	False,	False]
50	[4_k_3_n_5_m_15.dimacs]	0.0176	None				
50	[4_k_3_n_5_m_16.dimacs]	0.0197	None				
50	[4_k_3_n_5_m_17.dimacs]	0.0171	None				
50	[4_k_3_n_5_m_18.dimacs]	0.0175	[True,	False,	False,	True,	True]
50	[4_k_3_n_5_m_19.dimacs]	0.0001	[False,	True,	False,	True,	True]
50	[4_k_3_n_5_m_20.dimacs]	0.0001	[True,	True,	False,	True,	True]
50	[4_k_3_n_5_m_21.dimacs]	0.0189	None				
50	[4_k_3_n_5_m_22.dimacs]	0.0185	None				
50	[4_k_3_n_5_m_23.dimacs]	0.0196	None				
50	[4_k_3_n_5_m_24.dimacs]	0.0191	None				
50	[5_k_3_n_5_m_10.dimacs]	0.0204	[True,	True,	True,	False,	False]
50	[5_k_3_n_5_m_11.dimacs]	0.0001	[False,	True,	False,	False,	True]
50	[5_k_3_n_5_m_12.dimacs]	0.0001	[False,	False,	True,	False,	False]
50	[5_k_3_n_5_m_13.dimacs]	0.0183	None				
50	[5_k_3_n_5_m_14.dimacs]	0.0177	[True,	True,	True,	True,	True]
50	[5_k_3_n_5_m_15.dimacs]	0.0001	[False,	True,	False,	True,	False]
50	[5_k_3_n_5_m_16.dimacs]	0.0188	None				
50	[5_k_3_n_5_m_17.dimacs]	0.0001	[False,	False,	True,	False,	True]
50	[5_k_3_n_5_m_18.dimacs]	0.0181	None				
50	[5_k_3_n_5_m_19.dimacs]	0.0174	None				
50	[5_k_3_n_5_m_20.dimacs]	0.0195	None				
50	[5_k_3_n_5_m_21.dimacs]	0.0182	None				
50	[5_k_3_n_5_m_22.dimacs]	0.0175	None				
50	[5_k_3_n_5_m_23.dimacs]	0.0001	[True,	False,	False,	False,	False]
50	[5_k_3_n_5_m_24.dimacs]	0.0199	None				
50	[6_k_3_n_5_m_10.dimacs]	0.0193	[False,	True,	True,	True,	True]
50	[6_k_3_n_5_m_11.dimacs]	0.0001	[False,	True,	False,	True,	True]
50	[6_k_3_n_5_m_12.dimacs]	0.0179	None				
50	[6_k_3_n_5_m_13.dimacs]	0.0001	[False,	True,	True,	False,	True]
50	[6_k_3_n_5_m_14.dimacs]	0.0001	[False,	False,	False,	True,	False]
50	[6_k_3_n_5_m_15.dimacs]	0.0179	None				
50	[6_k_3_n_5_m_16.dimacs]	0.0196	None				
50	[6_k_3_n_5_m_17.dimacs]	0.0001	[False,	True,	True,	False,	False]
50	[6_k_3_n_5_m_18.dimacs]	0.0175	None				
50	[6_k_3_n_5_m_19.dimacs]	0.0187	None				
50	[6_k_3_n_5_m_20.dimacs]	0.0199	None				
50	[6_k_3_n_5_m_21.dimacs]	0.0217	None				
50	[6_k_3_n_5_m_22.dimacs]	0.0276	None				
50	[6_k_3_n_5_m_23.dimacs]	0.0194	None				
50	[6_k_3_n_5_m_24.dimacs]	0.018	None				
50	[7_k_3_n_5_m_10.dimacs]	0.0176	None				
50	[7_k_3_n_5_m_11.dimacs]	0.0001	[False,	True,	False,	False,	False]
50	[7_k_3_n_5_m_12.dimacs]	0.019	[True,	True,	True,	True,	True]
50	[7_k_3_n_5_m_13.dimacs]	0.0001	[True,	True,	True,	False,	False]
50	[7_k_3_n_5_m_14.dimacs]	0.0178	None				
50	[7_k_3_n_5_m_15.dimacs]	0.0173	[True,	False,	False,	True,	True]
50	[7_k_3_n_5_m_16.dimacs]	0.0179	None				
50	[7_k_3_n_5_m_17.dimacs]	0.0001	[False,	True,	True,	False,	False]
50	[7_k_3_n_5_m_18.dimacs]	0.0001	[False,	False,	False,	False,	False]
50	[7_k_3_n_5_m_19.dimacs]	0.0001	[False,	False,	False,	True,	False]
50	[7_k_3_n_5_m_20.dimacs]	0.0192	None				
50	[7_k_3_n_5_m_21.dimacs]	0.0184	[True,	False,	False,	False,	False]
50	[7_k_3_n_5_m_22.dimacs]	0.0194	None				
50	[7_k_3_n_5_m_23.dimacs]	0.0177	None				
50	[7_k_3_n_5_m_24.dimacs]	0.0186	None				
50	[8_k_3_n_5_m_10.dimacs]	0.0186	[False,	False,	True,	False,	False]
50	[8_k_3_n_5_m_11.dimacs]	0.0181	None				
50	[8_k_3_n_5_m_12.dimacs]	0.0179	None				
50	[8_k_3_n_5_m_13.dimacs]	0.0001	[True,	False,	True,	True,	False]
50	[8_k_3_n_5_m_14.dimacs]	0.0001	[True,	False,	False,	False,	False]
50	[8_k_3_n_5_m_15.dimacs]	0.0185	None				
50	[8_k_3_n_5_m_16.dimacs]	0.018	None				
50	[8_k_3_n_5_m_17.dimacs]	0.0175	None				
50	[8_k_3_n_5_m_18.dimacs]	0.0194	None				
50	[8_k_3_n_5_m_19.dimacs]	0.0001	[True,	False,	False,	True,	True]
50	[8_k_3_n_5_m_20.dimacs]	0.0001	[True,	True,	False,	False,	False]
50	[8_k_3_n_5_m_21.dimacs]	0.0177	None				
50	[8_k_3_n_5_m_22.dimacs]	0.0173	None				
50	[8_k_3_n_5_m_23.dimacs]	0.0194	None				
50	[8_k_3_n_5_m_24.dimacs]	0.0175	None				
50	[9_k_3_n_5_m_10.dimacs]	0.0174	[True,	True,	True,	False,	False]
50	[9_k_3_n_5_m_11.dimacs]	0.0001	[True,	True,	True,	False,	True]
50	[9_k_3_n_5_m_12.dimacs]	0.0173	[False,	True,	False,	False,	False]
50	[9_k_3_n_5_m_13.dimacs]	0.0176	None				
50	[9_k_3_n_5_m_14.dimacs]	0.0189	None				
50	[9_k_3_n_5_m_15.dimacs]	0.0182	None				
50	[9_k_3_n_5_m_16.dimacs]	0.0183	None				
50	[9_k_3_n_5_m_17.dimacs]	0.0179	None				
50	[9_k_3_n_5_m_18.dimacs]	0.0173	None				
50	[9_k_3_n_5_m_19.dimacs]	0.018	None				
50	[9_k_3_n_5_m_20.dimacs]	0.0182	None				
50	[9_k_3_n_5_m_21.dimacs]	0.0177	None				
50	[9_k_3_n_5_m_22.dimacs]	0.0185	None				
50	[9_k_3_n_5_m_23.dimacs]	0.0188	None				
50	[9_k_3_n_5_m_24.dimacs]	0.0181	None				
100	[0_k_3_n_5_m_10.dimacs]	0.0001	[False,	True,	False,	False,	False]
100	[0_k_3_n_5_m_11.dimacs]	0.0182	None				
100	[0_k_3_n_5_m_12.dimacs]	0.0001	[True,	True,	False,	True,	True]
100	[0_k_3_n_5_m_13.dimacs]	0.0001	[True,	True,	False,	True,	True]
100	[0_k_3_n_5_m_14.dimacs]	0.0001	[True,	True,	True,	True,	False]
100	[0_k_3_n_5_m_15.dimacs]	0.0001	[True,	True,	False,	True,	False]
100	[0_k_3_n_5_m_16.dimacs]	0.0001	[False,	True,	True,	False,	True]
100	[0_k_3_n_5_m_17.dimacs]	0.0177	None				
100	[0_k_3_n_5_m_18.dimacs]	0.0171	None				
100	[0_k_3_n_5_m_19.dimacs]	0.0172	None				
100	[0_k_3_n_5_m_20.dimacs]	0.0185	None				
100	[0_k_3_n_5_m_21.dimacs]	0.0001	[True,	False,	True,	False,	True]
100	[0_k_3_n_5_m_22.dimacs]	0.0187	None				
100	[0_k_3_n_5_m_23.dimacs]	0.0173	[False,	True,	False,	True,	False]
100	[0_k_3_n_5_m_24.dimacs]	0.0175	None				
100	[1_k_3_n_5_m_10.dimacs]	0.0001	[False,	False,	True,	True,	False]
100	[1_k_3_n_5_m_11.dimacs]	0.0001	[False,	False,	False,	False,	True]
100	[1_k_3_n_5_m_12.dimacs]	0.0001	[False,	False,	False,	True,	True]
100	[1_k_3_n_5_m_13.dimacs]	0.0174	None				
100	[1_k_3_n_5_m_14.dimacs]	0.0001	[True,	False,	False,	False,	False]
100	[1_k_3_n_5_m_15.dimacs]	0.0001	[False,	False,	True,	False,	False]
100	[1_k_3_n_5_m_16.dimacs]	0.017	None				
100	[1_k_3_n_5_m_17.dimacs]	0.0195	None				
100	[1_k_3_n_5_m_18.dimacs]	0.0167	None				
100	[1_k_3_n_5_m_19.dimacs]	0.0172	[False,	True,	True,	False,	True]
100	[1_k_3_n_5_m_20.dimacs]	0.0168	None				
100	[1_k_3_n_5_m_21.dimacs]	0.0185	None				
100	[1_k_3_n_5_m_22.dimacs]	0.0171	None				
100	[1_k_3_n_5_m_23.dimacs]	0.017	None				
100	[1_k_3_n_5_m_24.dimacs]	0.0188	None				
100	[2_k_3_n_5_m_10.dimacs]	0.019	None				
100	[2_k_3_n_5_m_11.dimacs]	0.0179	[True,	False,	False,	False,	True]
100	[2_k_3_n_5_m_12.dimacs]	0.0001	[False,	True,	False,	True,	True]
100	[2_k_3_n_5_m_13.dimacs]	0.0172	None				
100	[2_k_3_n_5_m_14.dimacs]	0.017	None				
100	[2_k_3_n_5_m_15.dimacs]	0.0171	None				
100	[2_k_3_n_5_m_16.dimacs]	0.0001	[True,	True,	True,	True,	False]
100	[2_k_3_n_5_m_17.dimacs]	0.0187	None				
100	[2_k_3_n_5_m_18.dimacs]	0.0001	[False,	False,	True,	False,	False]
100	[2_k_3_n_5_m_19.dimacs]	0.0179	None				
100	[2_k_3_n_5_m_20.dimacs]	0.0171	None				
100	[2_k_3_n_5_m_21.dimacs]	0.0173	None				
100	[2_k_3_n_5_m_22.dimacs]	0.0173	None				
100	[2_k_3_n_5_m_23.dimacs]	0.0194	None				
100	[2_k_3_n_5_m_24.dimacs]	0.0173	None				
100	[3_k_3_n_5_m_10.dimacs]	0.017	[False,	True,	False,	True,	True]
100	[3_k_3_n_5_m_11.dimacs]	0.017	[True,	True,	False,	False,	True]
100	[3_k_3_n_5_m_12.dimacs]	0.0173	None				
100	[3_k_3_n_5_m_13.dimacs]	0.0175	None				
100	[3_k_3_n_5_m_14.dimacs]	0.0166	None				
100	[3_k_3_n_5_m_15.dimacs]	0.0001	[False,	True,	False,	True,	True]
100	[3_k_3_n_5_m_16.dimacs]	0.0001	[True,	False,	True,	True,	False]
100	[3_k_3_n_5_m_17.dimacs]	0.0001	[True,	False,	False,	False,	True]
100	[3_k_3_n_5_m_18.dimacs]	0.0001	[True,	True,	True,	True,	False]
100	[3_k_3_n_5_m_19.dimacs]	0.0215	None				
100	[3_k_3_n_5_m_20.dimacs]	0.0191	None				
100	[3_k_3_n_5_m_21.dimacs]	0.017	None				
100	[3_k_3_n_5_m_22.dimacs]	0.0172	None				
100	[3_k_3_n_5_m_23.dimacs]	0.0002	[True,	False,	True,	False,	False]
100	[3_k_3_n_5_m_24.dimacs]	0.0168	None				
100	[4_k_3_n_5_m_10.dimacs]	0.0001	[True,	True,	True,	True,	False]
100	[4_k_3_n_5_m_11.dimacs]	0.0001	[False,	True,	False,	False,	False]
100	[4_k_3_n_5_m_12.dimacs]	0.0173	None				
100	[4_k_3_n_5_m_13.dimacs]	0.0169	[False,	True,	True,	True,	True]
100	[4_k_3_n_5_m_14.dimacs]	0.0001	[True,	False,	True,	False,	False]
100	[4_k_3_n_5_m_15.dimacs]	0.017	None				
100	[4_k_3_n_5_m_16.dimacs]	0.0193	None				
100	[4_k_3_n_5_m_17.dimacs]	0.0179	None				
100	[4_k_3_n_5_m_18.dimacs]	0.0179	[True,	False,	False,	True,	True]
100	[4_k_3_n_5_m_19.dimacs]	0.0001	[False,	True,	False,	True,	True]
100	[4_k_3_n_5_m_20.dimacs]	0.0001	[True,	True,	False,	True,	True]
100	[4_k_3_n_5_m_21.dimacs]	0.0186	None				
100	[4_k_3_n_5_m_22.dimacs]	0.019	None				
100	[4_k_3_n_5_m_23.dimacs]	0.0188	None				
100	[4_k_3_n_5_m_24.dimacs]	0.0197	None				
100	[5_k_3_n_5_m_10.dimacs]	0.019	[True,	True,	True,	False,	False]
100	[5_k_3_n_5_m_11.dimacs]	0.0001	[False,	True,	False,	False,	True]
100	[5_k_3_n_5_m_12.dimacs]	0.0001	[False,	False,	True,	False,	False]
100	[5_k_3_n_5_m_13.dimacs]	0.0174	None				
100	[5_k_3_n_5_m_14.dimacs]	0.0178	[True,	True,	True,	True,	True]
100	[5_k_3_n_5_m_15.dimacs]	0.0001	[False,	True,	False,	True,	False]
100	[5_k_3_n_5_m_16.dimacs]	0.0189	None				
100	[5_k_3_n_5_m_17.dimacs]	0.0001	[False,	False,	True,	False,	True]
100	[5_k_3_n_5_m_18.dimacs]	0.0176	None				
100	[5_k_3_n_5_m_19.dimacs]	0.0179	None				
100	[5_k_3_n_5_m_20.dimacs]	0.0189	None				
100	[5_k_3_n_5_m_21.dimacs]	0.0177	None				
100	[5_k_3_n_5_m_22.dimacs]	0.0172	None				
100	[5_k_3_n_5_m_23.dimacs]	0.0002	[True,	False,	False,	False,	False]
100	[5_k_3_n_5_m_24.dimacs]	0.0196	None				
100	[6_k_3_n_5_m_10.dimacs]	0.0186	[False,	True,	True,	True,	True]
100	[6_k_3_n_5_m_11.dimacs]	0.0001	[False,	True,	False,	True,	True]
100	[6_k_3_n_5_m_12.dimacs]	0.0169	None				
100	[6_k_3_n_5_m_13.dimacs]	0.0001	[False,	True,	True,	False,	True]
100	[6_k_3_n_5_m_14.dimacs]	0.0001	[False,	False,	False,	True,	False]
100	[6_k_3_n_5_m_15.dimacs]	0.0177	None				
100	[6_k_3_n_5_m_16.dimacs]	0.0188	None				
100	[6_k_3_n_5_m_17.dimacs]	0.0001	[False,	True,	True,	False,	False]
100	[6_k_3_n_5_m_18.dimacs]	0.0173	None				
100	[6_k_3_n_5_m_19.dimacs]	0.0177	None				
100	[6_k_3_n_5_m_20.dimacs]	0.0177	None				
100	[6_k_3_n_5_m_21.dimacs]	0.0176	None				
100	[6_k_3_n_5_m_22.dimacs]	0.0173	None				
100	[6_k_3_n_5_m_23.dimacs]	0.018	None				
100	[6_k_3_n_5_m_24.dimacs]	0.0179	None				
100	[7_k_3_n_5_m_10.dimacs]	0.0173	None				
100	[7_k_3_n_5_m_11.dimacs]	0.0001	[False,	True,	False,	False,	False]
100	[7_k_3_n_5_m_12.dimacs]	0.019	[True,	True,	True,	True,	True]
100	[7_k_3_n_5_m_13.dimacs]	0.0001	[True,	True,	True,	False,	False]
100	[7_k_3_n_5_m_14.dimacs]	0.0168	None				
100	[7_k_3_n_5_m_15.dimacs]	0.0171	[True,	False,	False,	True,	True]
100	[7_k_3_n_5_m_16.dimacs]	0.0171	None				
100	[7_k_3_n_5_m_17.dimacs]	0.0001	[False,	True,	True,	False,	False]
100	[7_k_3_n_5_m_18.dimacs]	0.0001	[False,	False,	False,	False,	False]
100	[7_k_3_n_5_m_19.dimacs]	0.0001	[False,	False,	False,	True,	False]
100	[7_k_3_n_5_m_20.dimacs]	0.0187	None				
100	[7_k_3_n_5_m_21.dimacs]	0.0181	[True,	False,	False,	False,	False]
100	[7_k_3_n_5_m_22.dimacs]	0.0171	None				
100	[7_k_3_n_5_m_23.dimacs]	0.0173	None				
100	[7_k_3_n_5_m_24.dimacs]	0.0176	None				
100	[8_k_3_n_5_m_10.dimacs]	0.0184	[False,	False,	True,	False,	False]
100	[8_k_3_n_5_m_11.dimacs]	0.0172	None				
100	[8_k_3_n_5_m_12.dimacs]	0.018	None				
100	[8_k_3_n_5_m_13.dimacs]	0.0001	[True,	False,	True,	True,	False]
100	[8_k_3_n_5_m_14.dimacs]	0.0001	[True,	False,	False,	False,	False]
100	[8_k_3_n_5_m_15.dimacs]	0.0181	None				
100	[8_k_3_n_5_m_16.dimacs]	0.0187	None				
100	[8_k_3_n_5_m_17.dimacs]	0.017	None				
100	[8_k_3_n_5_m_18.dimacs]	0.0178	None				
100	[8_k_3_n_5_m_19.dimacs]	0.0001	[True,	False,	False,	True,	True]
100	[8_k_3_n_5_m_20.dimacs]	0.0001	[True,	True,	False,	False,	False]
100	[8_k_3_n_5_m_21.dimacs]	0.0175	None				
100	[8_k_3_n_5_m_22.dimacs]	0.017	None				
100	[8_k_3_n_5_m_23.dimacs]	0.0187	None				
100	[8_k_3_n_5_m_24.dimacs]	0.0169	None				
100	[9_k_3_n_5_m_10.dimacs]	0.0239	[True,	True,	True,	False,	False]
100	[9_k_3_n_5_m_11.dimacs]	0.0001	[True,	True,	True,	False,	True]
100	[9_k_3_n_5_m_12.dimacs]	0.0169	None				
100	[9_k_3_n_5_m_13.dimacs]	0.0177	None				
100	[9_k_3_n_5_m_14.dimacs]	0.0174	None				
100	[9_k_3_n_5_m_15.dimacs]	0.0178	None				
100	[9_k_3_n_5_m_16.dimacs]	0.0204	None				
100	[9_k_3_n_5_m_17.dimacs]	0.0188	None				
100	[9_k_3_n_5_m_18.dimacs]	0.0176	None				
100	[9_k_3_n_5_m_19.dimacs]	0.018	None				
100	[9_k_3_n_5_m_20.dimacs]	0.0181	None				
100	[9_k_3_n_5_m_21.dimacs]	0.0187	None				
100	[9_k_3_n_5_m_22.dimacs]	0.0187	None				
100	[9_k_3_n_5_m_23.dimacs]	0.018	None				
100	[9_k_3_n_5_m_24.dimacs]	0.0181	None				
200	[0_k_3_n_5_m_10.dimacs]	0.0001	[False,	True,	False,	False,	False]
200	[0_k_3_n_5_m_11.dimacs]	0.0198	None				
200	[0_k_3_n_5_m_12.dimacs]	0.0001	[True,	True,	False,	True,	True]
200	[0_k_3_n_5_m_13.dimacs]	0.0001	[True,	True,	False,	True,	True]
200	[0_k_3_n_5_m_14.dimacs]	0.0001	[True,	True,	True,	True,	False]
200	[0_k_3_n_5_m_15.dimacs]	0.0001	[True,	True,	False,	True,	False]
200	[0_k_3_n_5_m_16.dimacs]	0.0001	[False,	True,	True,	False,	True]
200	[0_k_3_n_5_m_17.dimacs]	0.0195	None				
200	[0_k_3_n_5_m_18.dimacs]	0.0198	None				
200	[0_k_3_n_5_m_19.dimacs]	0.0211	None				
200	[0_k_3_n_5_m_20.dimacs]	0.02	None				
200	[0_k_3_n_5_m_21.dimacs]	0.0002	[True,	False,	True,	False,	True]
200	[0_k_3_n_5_m_22.dimacs]	0.0196	None				
200	[0_k_3_n_5_m_23.dimacs]	0.0189	[False,	True,	False,	True,	False]
200	[0_k_3_n_5_m_24.dimacs]	0.0181	None				
200	[1_k_3_n_5_m_10.dimacs]	0.0001	[False,	False,	True,	True,	False]
200	[1_k_3_n_5_m_11.dimacs]	0.0001	[False,	False,	False,	False,	True]
200	[1_k_3_n_5_m_12.dimacs]	0.0001	[False,	False,	False,	True,	True]
200	[1_k_3_n_5_m_13.dimacs]	0.0197	None				
200	[1_k_3_n_5_m_14.dimacs]	0.0001	[True,	False,	False,	False,	False]
200	[1_k_3_n_5_m_15.dimacs]	0.0001	[False,	False,	True,	False,	False]
200	[1_k_3_n_5_m_16.dimacs]	0.0189	None				
200	[1_k_3_n_5_m_17.dimacs]	0.0218	None				
200	[1_k_3_n_5_m_18.dimacs]	0.0185	None				
200	[1_k_3_n_5_m_19.dimacs]	0.0182	[False,	True,	True,	False,	True]
200	[1_k_3_n_5_m_20.dimacs]	0.0188	None				
200	[1_k_3_n_5_m_21.dimacs]	0.0196	None				
200	[1_k_3_n_5_m_22.dimacs]	0.0185	None				
200	[1_k_3_n_5_m_23.dimacs]	0.0176	None				
200	[1_k_3_n_5_m_24.dimacs]	0.021	None				
200	[2_k_3_n_5_m_10.dimacs]	0.0204	None				
200	[2_k_3_n_5_m_11.dimacs]	0.0182	[True,	False,	False,	False,	True]
200	[2_k_3_n_5_m_12.dimacs]	0.0001	[False,	True,	False,	True,	True]
200	[2_k_3_n_5_m_13.dimacs]	0.0192	None				
200	[2_k_3_n_5_m_14.dimacs]	0.0177	None				
200	[2_k_3_n_5_m_15.dimacs]	0.0248	None				
200	[2_k_3_n_5_m_16.dimacs]	0.0001	[True,	True,	True,	True,	False]
200	[2_k_3_n_5_m_17.dimacs]	0.0217	None				
200	[2_k_3_n_5_m_18.dimacs]	0.0001	[False,	False,	True,	False,	False]
200	[2_k_3_n_5_m_19.dimacs]	0.0191	None				
200	[2_k_3_n_5_m_20.dimacs]	0.0182	None				
200	[2_k_3_n_5_m_21.dimacs]	0.0183	None				
200	[2_k_3_n_5_m_22.dimacs]	0.0178	None				
200	[2_k_3_n_5_m_23.dimacs]	0.02	None				
200	[2_k_3_n_5_m_24.dimacs]	0.0182	None				
200	[3_k_3_n_5_m_10.dimacs]	0.018	[False,	True,	False,	True,	True]
200	[3_k_3_n_5_m_11.dimacs]	0.0172	[True,	True,	False,	False,	True]
200	[3_k_3_n_5_m_12.dimacs]	0.0179	None				
200	[3_k_3_n_5_m_13.dimacs]	0.0181	None				
200	[3_k_3_n_5_m_14.dimacs]	0.0179	None				
200	[3_k_3_n_5_m_15.dimacs]	0.0001	[False,	True,	False,	True,	True]
200	[3_k_3_n_5_m_16.dimacs]	0.0001	[True,	False,	True,	True,	False]
200	[3_k_3_n_5_m_17.dimacs]	0.0001	[True,	False,	False,	False,	True]
200	[3_k_3_n_5_m_18.dimacs]	0.0001	[True,	True,	True,	True,	False]
200	[3_k_3_n_5_m_19.dimacs]	0.0178	None				
200	[3_k_3_n_5_m_20.dimacs]	0.0181	None				
200	[3_k_3_n_5_m_21.dimacs]	0.0188	None				
200	[3_k_3_n_5_m_22.dimacs]	0.0186	None				
200	[3_k_3_n_5_m_23.dimacs]	0.0001	[True,	False,	True,	False,	False]
200	[3_k_3_n_5_m_24.dimacs]	0.0175	None				
200	[4_k_3_n_5_m_10.dimacs]	0.0001	[True,	True,	True,	True,	False]
200	[4_k_3_n_5_m_11.dimacs]	0.0001	[False,	True,	False,	False,	False]
200	[4_k_3_n_5_m_12.dimacs]	0.0175	None				
200	[4_k_3_n_5_m_13.dimacs]	0.0174	[False,	True,	True,	True,	True]
200	[4_k_3_n_5_m_14.dimacs]	0.0001	[True,	False,	True,	False,	False]
200	[4_k_3_n_5_m_15.dimacs]	0.0188	None				
200	[4_k_3_n_5_m_16.dimacs]	0.0201	None				
200	[4_k_3_n_5_m_17.dimacs]	0.0176	None				
200	[4_k_3_n_5_m_18.dimacs]	0.0176	[True,	False,	False,	True,	True]
200	[4_k_3_n_5_m_19.dimacs]	0.0001	[False,	True,	False,	True,	True]
200	[4_k_3_n_5_m_20.dimacs]	0.0001	[True,	True,	False,	True,	True]
200	[4_k_3_n_5_m_21.dimacs]	0.0189	None				
200	[4_k_3_n_5_m_22.dimacs]	0.0185	None				
200	[4_k_3_n_5_m_23.dimacs]	0.0178	None				
200	[4_k_3_n_5_m_24.dimacs]	0.023	None				
200	[5_k_3_n_5_m_10.dimacs]	0.0201	[True,	True,	True,	False,	False]
200	[5_k_3_n_5_m_11.dimacs]	0.0001	[False,	True,	False,	False,	True]
200	[5_k_3_n_5_m_12.dimacs]	0.0001	[False,	False,	True,	False,	False]
200	[5_k_3_n_5_m_13.dimacs]	0.0174	None				
200	[5_k_3_n_5_m_14.dimacs]	0.0189	[True,	True,	True,	True,	True]
200	[5_k_3_n_5_m_15.dimacs]	0.0002	[False,	True,	False,	True,	False]
200	[5_k_3_n_5_m_16.dimacs]	0.0195	None				
200	[5_k_3_n_5_m_17.dimacs]	0.0001	[False,	False,	True,	False,	True]
200	[5_k_3_n_5_m_18.dimacs]	0.019	None				
200	[5_k_3_n_5_m_19.dimacs]	0.0181	None				
200	[5_k_3_n_5_m_20.dimacs]	0.021	None				
200	[5_k_3_n_5_m_21.dimacs]	0.0185	None				
200	[5_k_3_n_5_m_22.dimacs]	0.0175	None				
200	[5_k_3_n_5_m_23.dimacs]	0.0001	[True,	False,	False,	False,	False]
200	[5_k_3_n_5_m_24.dimacs]	0.0209	None				
200	[6_k_3_n_5_m_10.dimacs]	0.0187	[False,	True,	True,	True,	True]
200	[6_k_3_n_5_m_11.dimacs]	0.0001	[False,	True,	False,	True,	True]
200	[6_k_3_n_5_m_12.dimacs]	0.0183	None				
200	[6_k_3_n_5_m_13.dimacs]	0.0001	[False,	True,	True,	False,	True]
200	[6_k_3_n_5_m_14.dimacs]	0.0002	[False,	False,	False,	True,	False]
200	[6_k_3_n_5_m_15.dimacs]	0.0182	None				
200	[6_k_3_n_5_m_16.dimacs]	0.0205	None				
200	[6_k_3_n_5_m_17.dimacs]	0.0001	[False,	True,	True,	False,	False]
200	[6_k_3_n_5_m_18.dimacs]	0.0189	None				
200	[6_k_3_n_5_m_19.dimacs]	0.0182	None				
200	[6_k_3_n_5_m_20.dimacs]	0.0179	None				
200	[6_k_3_n_5_m_21.dimacs]	0.0181	None				
200	[6_k_3_n_5_m_22.dimacs]	0.0226	None				
200	[6_k_3_n_5_m_23.dimacs]	0.0183	None				
200	[6_k_3_n_5_m_24.dimacs]	0.0182	None				
200	[7_k_3_n_5_m_10.dimacs]	0.0175	None				
200	[7_k_3_n_5_m_11.dimacs]	0.0001	[False,	True,	False,	False,	False]
200	[7_k_3_n_5_m_12.dimacs]	0.019	[True,	True,	True,	True,	True]
200	[7_k_3_n_5_m_13.dimacs]	0.0001	[True,	True,	True,	False,	False]
200	[7_k_3_n_5_m_14.dimacs]	0.0173	None				
200	[7_k_3_n_5_m_15.dimacs]	0.0173	[True,	False,	False,	True,	True]
200	[7_k_3_n_5_m_16.dimacs]	0.0181	None				
200	[7_k_3_n_5_m_17.dimacs]	0.0001	[False,	True,	True,	False,	False]
200	[7_k_3_n_5_m_18.dimacs]	0.0001	[False,	False,	False,	False,	False]
200	[7_k_3_n_5_m_19.dimacs]	0.0001	[False,	False,	False,	True,	False]
200	[7_k_3_n_5_m_20.dimacs]	0.0253	None				
200	[7_k_3_n_5_m_21.dimacs]	0.0187	[True,	False,	False,	False,	False]
200	[7_k_3_n_5_m_22.dimacs]	0.0179	None				
200	[7_k_3_n_5_m_23.dimacs]	0.0174	None				
200	[7_k_3_n_5_m_24.dimacs]	0.0182	None				
200	[8_k_3_n_5_m_10.dimacs]	0.0188	[False,	False,	False,	False,	False]
200	[8_k_3_n_5_m_11.dimacs]	0.0188	None				
200	[8_k_3_n_5_m_12.dimacs]	0.0181	None				
200	[8_k_3_n_5_m_13.dimacs]	0.0001	[True,	False,	True,	True,	False]
200	[8_k_3_n_5_m_14.dimacs]	0.0001	[True,	False,	False,	False,	False]
200	[8_k_3_n_5_m_15.dimacs]	0.0184	None				
200	[8_k_3_n_5_m_16.dimacs]	0.018	None				
200	[8_k_3_n_5_m_17.dimacs]	0.0175	None				
200	[8_k_3_n_5_m_18.dimacs]	0.0175	None				
200	[8_k_3_n_5_m_19.dimacs]	0.0001	[True,	False,	False,	True,	True]
200	[8_k_3_n_5_m_20.dimacs]	0.0001	[True,	True,	False,	False,	False]
200	[8_k_3_n_5_m_21.dimacs]	0.0181	None				
200	[8_k_3_n_5_m_22.dimacs]	0.0174	None				
200	[8_k_3_n_5_m_23.dimacs]	0.0193	None				
200	[8_k_3_n_5_m_24.dimacs]	0.0178	None				
200	[9_k_3_n_5_m_10.dimacs]	0.0178	[True,	True,	True,	False,	False]
200	[9_k_3_n_5_m_11.dimacs]	0.0001	[True,	True,	True,	False,	True]
200	[9_k_3_n_5_m_12.dimacs]	0.0177	None				
200	[9_k_3_n_5_m_13.dimacs]	0.0181	None				
200	[9_k_3_n_5_m_14.dimacs]	0.0185	None				
200	[9_k_3_n_5_m_15.dimacs]	0.0176	None				
200	[9_k_3_n_5_m_16.dimacs]	0.021	None				
200	[9_k_3_n_5_m_17.dimacs]	0.0181	None				
200	[9_k_3_n_5_m_18.dimacs]	0.0174	None				
200	[9_k_3_n_5_m_19.dimacs]	0.0176	None				
200	[9_k_3_n_5_m_20.dimacs]	0.0178	None				
200	[9_k_3_n_5_m_21.dimacs]	0.0189	None				
200	[9_k_3_n_5_m_22.dimacs]	0.0203	None				
200	[9_k_3_n_5_m_23.dimacs]	0.019	None				
200	[9_k_3_n_5_m_24.dimacs]	0.0184	None				
512	[0_k_3_n_5_m_10.dimacs]	0.0002	[False,	True,	False,	False,	False]
512	[0_k_3_n_5_m_11.dimacs]	0.0196	None				
512	[0_k_3_n_5_m_12.dimacs]	0.0001	[True,	True,	False,	True,	True]
512	[0_k_3_n_5_m_13.dimacs]	0.0001	[True,	True,	False,	True,	True]
512	[0_k_3_n_5_m_14.dimacs]	0.0001	[True,	True,	True,	True,	False]
512	[0_k_3_n_5_m_15.dimacs]	0.0001	[True,	True,	False,	True,	False]
512	[0_k_3_n_5_m_16.dimacs]	0.0001	[False,	True,	True,	False,	True]
512	[0_k_3_n_5_m_17.dimacs]	0.0178	None				
512	[0_k_3_n_5_m_18.dimacs]	0.0175	None				
512	[0_k_3_n_5_m_19.dimacs]	0.0174	None				
512	[0_k_3_n_5_m_20.dimacs]	0.028	None				
512	[0_k_3_n_5_m_21.dimacs]	0.0003	[True,	False,	True,	False,	True]
512	[0_k_3_n_5_m_22.dimacs]	0.0232	None				
512	[0_k_3_n_5_m_23.dimacs]	0.0193	[False,	True,	False,	True,	False]
512	[0_k_3_n_5_m_24.dimacs]	0.018	None				
512	[1_k_3_n_5_m_10.dimacs]	0.0001	[False,	False,	True,	True,	False]
512	[1_k_3_n_5_m_11.dimacs]	0.0001	[False,	False,	False,	False,	True]
512	[1_k_3_n_5_m_12.dimacs]	0.0001	[False,	False,	False,	True,	True]
512	[1_k_3_n_5_m_13.dimacs]	0.0188	None				
512	[1_k_3_n_5_m_14.dimacs]	0.0001	[True,	False,	False,	False,	False]
512	[1_k_3_n_5_m_15.dimacs]	0.0001	[False,	False,	True,	False,	False]
512	[1_k_3_n_5_m_16.dimacs]	0.0181	None				
512	[1_k_3_n_5_m_17.dimacs]	0.0209	None				
512	[1_k_3_n_5_m_18.dimacs]	0.0181	None				
512	[1_k_3_n_5_m_19.dimacs]	0.0179	[False,	True,	True,	False,	True]
512	[1_k_3_n_5_m_20.dimacs]	0.0179	None				
512	[1_k_3_n_5_m_21.dimacs]	0.019	None				
512	[1_k_3_n_5_m_22.dimacs]	0.0179	None				
512	[1_k_3_n_5_m_23.dimacs]	0.017	None				
512	[1_k_3_n_5_m_24.dimacs]	0.0198	None				
512	[2_k_3_n_5_m_10.dimacs]	0.0188	None				
512	[2_k_3_n_5_m_11.dimacs]	0.0178	[True,	False,	False,	False,	True]
512	[2_k_3_n_5_m_12.dimacs]	0.0001	[False,	True,	False,	True,	True]
512	[2_k_3_n_5_m_13.dimacs]	0.0179	None				
512	[2_k_3_n_5_m_14.dimacs]	0.0176	None				
512	[2_k_3_n_5_m_15.dimacs]	0.0176	None				
512	[2_k_3_n_5_m_16.dimacs]	0.0001	[True,	True,	True,	True,	False]
512	[2_k_3_n_5_m_17.dimacs]	0.02	None				
512	[2_k_3_n_5_m_18.dimacs]	0.0001	[False,	False,	True,	False,	False]
512	[2_k_3_n_5_m_19.dimacs]	0.0192	None				
512	[2_k_3_n_5_m_20.dimacs]	0.0241	None				
512	[2_k_3_n_5_m_21.dimacs]	0.0181	None				
512	[2_k_3_n_5_m_22.dimacs]	0.0183	None				
512	[2_k_3_n_5_m_23.dimacs]	0.0212	None				
512	[2_k_3_n_5_m_24.dimacs]	0.0178	None				
512	[3_k_3_n_5_m_10.dimacs]	0.0175	[False,	True,	False,	True,	True]
512	[3_k_3_n_5_m_11.dimacs]	0.0171	[True,	True,	False,	False,	True]
512	[3_k_3_n_5_m_12.dimacs]	0.0176	None				
512	[3_k_3_n_5_m_13.dimacs]	0.0177	None				
512	[3_k_3_n_5_m_14.dimacs]	0.0169	None				
512	[3_k_3_n_5_m_15.dimacs]	0.0001	[False,	True,	False,	True,	True]
512	[3_k_3_n_5_m_16.dimacs]	0.0001	[True,	False,	True,	True,	False]
512	[3_k_3_n_5_m_17.dimacs]	0.0001	[True,	False,	False,	False,	True]
512	[3_k_3_n_5_m_18.dimacs]	0.0001	[True,	True,	True,	True,	False]
512	[3_k_3_n_5_m_19.dimacs]	0.0175	None				
512	[3_k_3_n_5_m_20.dimacs]	0.0182	None				
512	[3_k_3_n_5_m_21.dimacs]	0.017	None				
512	[3_k_3_n_5_m_22.dimacs]	0.018	None				
512	[3_k_3_n_5_m_23.dimacs]	0.0001	[True,	False,	True,	False,	False]
512	[3_k_3_n_5_m_24.dimacs]	0.0169	None				
512	[4_k_3_n_5_m_10.dimacs]	0.0001	[True,	True,	True,	True,	False]
512	[4_k_3_n_5_m_11.dimacs]	0.0001	[False,	True,	False,	False,	False]
512	[4_k_3_n_5_m_12.dimacs]	0.0176	None				
512	[4_k_3_n_5_m_13.dimacs]	0.018	[False,	True,	True,	True,	True]
512	[4_k_3_n_5_m_14.dimacs]	0.0001	[True,	False,	True,	False,	False]
512	[4_k_3_n_5_m_15.dimacs]	0.0173	None				
512	[4_k_3_n_5_m_16.dimacs]	0.0196	None				
512	[4_k_3_n_5_m_17.dimacs]	0.0175	None				
512	[4_k_3_n_5_m_18.dimacs]	0.017	[True,	False,	False,	True,	True]
512	[4_k_3_n_5_m_19.dimacs]	0.0001	[False,	True,	False,	True,	True]
512	[4_k_3_n_5_m_20.dimacs]	0.0001	[True,	True,	False,	True,	True]
512	[4_k_3_n_5_m_21.dimacs]	0.0183	None				
512	[4_k_3_n_5_m_22.dimacs]	0.0176	None				
512	[4_k_3_n_5_m_23.dimacs]	0.0177	None				
512	[4_k_3_n_5_m_24.dimacs]	0.019	None				
512	[5_k_3_n_5_m_10.dimacs]	0.0191	[True,	True,	True,	False,	False]
512	[5_k_3_n_5_m_11.dimacs]	0.0001	[False,	True,	False,	False,	True]
512	[5_k_3_n_5_m_12.dimacs]	0.0001	[False,	False,	True,	False,	False]
512	[5_k_3_n_5_m_13.dimacs]	0.0179	None				
512	[5_k_3_n_5_m_14.dimacs]	0.017	[True,	True,	True,	True,	True]
512	[5_k_3_n_5_m_15.dimacs]	0.0001	[False,	True,	False,	True,	False]
512	[5_k_3_n_5_m_16.dimacs]	0.0184	None				
512	[5_k_3_n_5_m_17.dimacs]	0.0001	[False,	False,	True,	False,	True]
512	[5_k_3_n_5_m_18.dimacs]	0.0177	None				
512	[5_k_3_n_5_m_19.dimacs]	0.0187	None				
512	[5_k_3_n_5_m_20.dimacs]	0.0206	None				
512	[5_k_3_n_5_m_21.dimacs]	0.0192	None				
512	[5_k_3_n_5_m_22.dimacs]	0.0182	None				
512	[5_k_3_n_5_m_23.dimacs]	0.0001	[True,	False,	False,	False,	False]
512	[5_k_3_n_5_m_24.dimacs]	0.0219	None				
512	[6_k_3_n_5_m_10.dimacs]	0.026	[False,	True,	True,	True,	True]
512	[6_k_3_n_5_m_11.dimacs]	0.0001	[False,	True,	False,	True,	True]
512	[6_k_3_n_5_m_12.dimacs]	0.0181	None				
512	[6_k_3_n_5_m_13.dimacs]	0.0001	[False,	True,	True,	False,	True]
512	[6_k_3_n_5_m_14.dimacs]	0.0001	[False,	False,	False,	True,	False]
512	[6_k_3_n_5_m_15.dimacs]	0.0184	None				
512	[6_k_3_n_5_m_16.dimacs]	0.019	None				
512	[6_k_3_n_5_m_17.dimacs]	0.0001	[False,	True,	True,	False,	False]
512	[6_k_3_n_5_m_18.dimacs]	0.0174	None				
512	[6_k_3_n_5_m_19.dimacs]	0.0183	None				
512	[6_k_3_n_5_m_20.dimacs]	0.018	None				
512	[6_k_3_n_5_m_21.dimacs]	0.0187	None				
512	[6_k_3_n_5_m_22.dimacs]	0.0174	None				
512	[6_k_3_n_5_m_23.dimacs]	0.0187	None				
512	[6_k_3_n_5_m_24.dimacs]	0.0177	None				
512	[7_k_3_n_5_m_10.dimacs]	0.0173	None				
512	[7_k_3_n_5_m_11.dimacs]	0.0001	[False,	True,	False,	False,	False]
512	[7_k_3_n_5_m_12.dimacs]	0.0191	[True,	True,	True,	True,	True]
512	[7_k_3_n_5_m_13.dimacs]	0.0001	[True,	True,	True,	False,	False]
512	[7_k_3_n_5_m_14.dimacs]	0.0169	None				
512	[7_k_3_n_5_m_15.dimacs]	0.0176	[True,	False,	False,	True,	True]
512	[7_k_3_n_5_m_16.dimacs]	0.0174	None				
512	[7_k_3_n_5_m_17.dimacs]	0.0001	[False,	True,	True,	False,	False]
512	[7_k_3_n_5_m_18.dimacs]	0.0001	[False,	False,	False,	False,	False]
512	[7_k_3_n_5_m_19.dimacs]	0.0001	[False,	False,	False,	True,	False]
512	[7_k_3_n_5_m_20.dimacs]	0.0192	None				
512	[7_k_3_n_5_m_21.dimacs]	0.0179	[True,	False,	False,	False,	False]
512	[7_k_3_n_5_m_22.dimacs]	0.0204	None				
512	[7_k_3_n_5_m_23.dimacs]	0.0181	None				
512	[7_k_3_n_5_m_24.dimacs]	0.0244	None				
512	[8_k_3_n_5_m_10.dimacs]	0.0192	[False,	False,	True,	False,	False]
512	[8_k_3_n_5_m_11.dimacs]	0.0175	None				
512	[8_k_3_n_5_m_12.dimacs]	0.0182	None				
512	[8_k_3_n_5_m_13.dimacs]	0.0001	[True,	False,	True,	True,	False]
512	[8_k_3_n_5_m_14.dimacs]	0.0001	[True,	False,	False,	False,	False]
512	[8_k_3_n_5_m_15.dimacs]	0.0175	None				
512	[8_k_3_n_5_m_16.dimacs]	0.0177	None				
512	[8_k_3_n_5_m_17.dimacs]	0.017	None				
512	[8_k_3_n_5_m_18.dimacs]	0.0174	None				
512	[8_k_3_n_5_m_19.dimacs]	0.0001	[True,	False,	False,	True,	True]
512	[8_k_3_n_5_m_20.dimacs]	0.0001	[True,	True,	False,	False,	False]
512	[8_k_3_n_5_m_21.dimacs]	0.0174	None				
512	[8_k_3_n_5_m_22.dimacs]	0.0174	None				
512	[8_k_3_n_5_m_23.dimacs]	0.0207	None				
512	[8_k_3_n_5_m_24.dimacs]	0.0177	None				
512	[9_k_3_n_5_m_10.dimacs]	0.018	[True,	True,	True,	False,	False]
512	[9_k_3_n_5_m_11.dimacs]	0.0001	[True,	True,	True,	False,	True]
512	[9_k_3_n_5_m_12.dimacs]	0.0172	None				
512	[9_k_3_n_5_m_13.dimacs]	0.0178	None				
512	[9_k_3_n_5_m_14.dimacs]	0.0177	None				
512	[9_k_3_n_5_m_15.dimacs]	0.0175	None				
512	[9_k_3_n_5_m_16.dimacs]	0.0205	None				
512	[9_k_3_n_5_m_17.dimacs]	0.0182	None				
512	[9_k_3_n_5_m_18.dimacs]	0.0178	None				
512	[9_k_3_n_5_m_19.dimacs]	0.0176	None				
512	[9_k_3_n_5_m_20.dimacs]	0.0172	None				
512	[9_k_3_n_5_m_21.dimacs]	0.0177	None				
512	[9_k_3_n_5_m_22.dimacs]	0.0186	None				
512	[9_k_3_n_5_m_23.dimacs]	0.0181	None				
512	[9_k_3_n_5_m_24.dimacs]	0.0192	None				
